use trabajo_dia4;

select * from sucursales;

INSERT INTO sucursales (ciudad, direccion, telefono_fijo, celular, correo_electronico) VALUES
('Ciudad 1', 'Dirección 1', '1234567890', '0987654321', 'correo1@example.com'),
('Ciudad 2', 'Dirección 2', '1234567891', '0987654322', 'correo2@example.com'),
('Ciudad 3', 'Dirección 3', '1234567892', '0987654323', 'correo3@example.com'),
('Ciudad 4', 'Dirección 4', '1234567893', '0987654324', 'correo4@example.com'),
('Ciudad 5', 'Dirección 5', '1234567894', '0987654325', 'correo5@example.com');

INSERT INTO empleados (id_sucursal, cedula, nombres, apellidos, direccion, ciudad_residencia, celular, correo_electronico) VALUES
(1, '1000001', 'Nombre1', 'Apellido1', 'Dirección 1', 'Ciudad 1', '3000000001', 'nombre1.apellido1@example.com'),
(2, '1000002', 'Nombre2', 'Apellido2', 'Dirección 2', 'Ciudad 2', '3000000002', 'nombre2.apellido2@example.com'),
(3, '1000003', 'Nombre3', 'Apellido3', 'Dirección 3', 'Ciudad 3', '3000000003', 'nombre3.apellido3@example.com'),
(4, '1000004', 'Nombre4', 'Apellido4', 'Dirección 4', 'Ciudad 4', '3000000004', 'nombre4.apellido4@example.com'),
(5, '1000005', 'Nombre5', 'Apellido5', 'Dirección 5', 'Ciudad 5', '3000000005', 'nombre5.apellido5@example.com'),
(1, '1000006', 'Nombre6', 'Apellido6', 'Dirección 1', 'Ciudad 1', '3000000006', 'nombre6.apellido6@example.com'),
(2, '1000007', 'Nombre7', 'Apellido7', 'Dirección 2', 'Ciudad 2', '3000000007', 'nombre7.apellido7@example.com'),
(3, '1000008', 'Nombre8', 'Apellido8', 'Dirección 3', 'Ciudad 3', '3000000008', 'nombre8.apellido8@example.com'),
(4, '1000009', 'Nombre9', 'Apellido9', 'Dirección 4', 'Ciudad 4', '3000000009', 'nombre9.apellido9@example.com'),
(5, '1000010', 'Nombre10', 'Apellido10', 'Dirección 5', 'Ciudad 5', '3000000010', 'nombre10.apellido10@example.com'),
(1, '1000011', 'Nombre11', 'Apellido11', 'Dirección 1', 'Ciudad 1', '3000000011', 'nombre11.apellido11@example.com'),
(2, '1000012', 'Nombre12', 'Apellido12', 'Dirección 2', 'Ciudad 2', '3000000012', 'nombre12.apellido12@example.com'),
(3, '1000013', 'Nombre13', 'Apellido13', 'Dirección 3', 'Ciudad 3', '3000000013', 'nombre13.apellido13@example.com'),
(4, '1000014', 'Nombre14', 'Apellido14', 'Dirección 4', 'Ciudad 4', '3000000014', 'nombre14.apellido14@example.com'),
(5, '1000015', 'Nombre15', 'Apellido15', 'Dirección 5', 'Ciudad 5', '3000000015', 'nombre15.apellido15@example.com'),
(1, '1000016', 'Nombre16', 'Apellido16', 'Dirección 1', 'Ciudad 1', '3000000016', 'nombre16.apellido16@example.com'),
(2, '1000017', 'Nombre17', 'Apellido17', 'Dirección 2', 'Ciudad 2', '3000000017', 'nombre17.apellido17@example.com'),
(3, '1000018', 'Nombre18', 'Apellido18', 'Dirección 3', 'Ciudad 3', '3000000018', 'nombre18.apellido18@example.com'),
(4, '1000019', 'Nombre19', 'Apellido19', 'Dirección 4', 'Ciudad 4', '3000000019', 'nombre19.apellido19@example.com'),
(5, '1000020', 'Nombre20', 'Apellido20', 'Dirección 5', 'Ciudad 5', '3000000020', 'nombre20.apellido20@example.com'),
(1, '1000021', 'Nombre21', 'Apellido21', 'Dirección 1', 'Ciudad 1', '3000000021', 'nombre21.apellido21@example.com'),
(2, '1000022', 'Nombre22', 'Apellido22', 'Dirección 2', 'Ciudad 2', '3000000022', 'nombre22.apellido22@example.com'),
(3, '1000023', 'Nombre23', 'Apellido23', 'Dirección 3', 'Ciudad 3', '3000000023', 'nombre23.apellido23@example.com'),
(4, '1000024', 'Nombre24', 'Apellido24', 'Dirección 4', 'Ciudad 4', '3000000024', 'nombre24.apellido24@example.com'),
(5, '1000025', 'Nombre25', 'Apellido25', 'Dirección 5', 'Ciudad 5', '3000000025', 'nombre25.apellido25@example.com'),
(1, '1000026', 'Nombre26', 'Apellido26', 'Dirección 1', 'Ciudad 1', '3000000026', 'nombre26.apellido26@example.com'),
(2, '1000027', 'Nombre27', 'Apellido27', 'Dirección 2', 'Ciudad 2', '3000000027', 'nombre27.apellido27@example.com'),
(3, '1000028', 'Nombre28', 'Apellido28', 'Dirección 3', 'Ciudad 3', '3000000028', 'nombre28.apellido28@example.com'),
(4, '1000029', 'Nombre29', 'Apellido29', 'Dirección 4', 'Ciudad 4', '3000000029', 'nombre29.apellido29@example.com'),
(5, '1000030', 'Nombre30', 'Apellido30', 'Dirección 5', 'Ciudad 5', '3000000030', 'nombre30.apellido30@example.com'),
(1, '1000031', 'Nombre31', 'Apellido31', 'Dirección 1', 'Ciudad 1', '3000000031', 'nombre31.apellido31@example.com'),
(2, '1000032', 'Nombre32', 'Apellido32', 'Dirección 2', 'Ciudad 2', '3000000032', 'nombre32.apellido32@example.com'),
(3, '1000033', 'Nombre33', 'Apellido33', 'Dirección 3', 'Ciudad 3', '3000000033', 'nombre33.apellido33@example.com'),
(4, '1000034', 'Nombre34', 'Apellido34', 'Dirección 4', 'Ciudad 4', '3000000034', 'nombre34.apellido34@example.com'),
(5, '1000035', 'Nombre35', 'Apellido35', 'Dirección 5', 'Ciudad 5', '3000000035', 'nombre35.apellido35@example.com'),
(1, '1000036', 'Nombre36', 'Apellido36', 'Dirección 1', 'Ciudad 1', '3000000036', 'nombre36.apellido36@example.com'),
(2, '1000037', 'Nombre37', 'Apellido37', 'Dirección 2', 'Ciudad 2', '3000000037', 'nombre37.apellido37@example.com'),
(3, '1000038', 'Nombre38', 'Apellido38', 'Dirección 3', 'Ciudad 3', '3000000038', 'nombre38.apellido38@example.com'),
(4, '1000039', 'Nombre39', 'Apellido39', 'Dirección 4', 'Ciudad 4', '3000000039', 'nombre39.apellido39@example.com'),
(5, '1000040', 'Nombre40', 'Apellido40', 'Dirección 5', 'Ciudad 5', '3000000040', 'nombre40.apellido40@example.com'),
(1, '1000041', 'Nombre41', 'Apellido41', 'Dirección 1', 'Ciudad 1', '3000000041', 'nombre41.apellido41@example.com'),
(2, '1000042', 'Nombre42', 'Apellido42', 'Dirección 2', 'Ciudad 2', '3000000042', 'nombre42.apellido42@example.com'),
(3, '1000043', 'Nombre43', 'Apellido43', 'Dirección 3', 'Ciudad 3', '3000000043', 'nombre43.apellido43@example.com'),
(4, '1000044', 'Nombre44', 'Apellido44', 'Dirección 4', 'Ciudad 4', '3000000044', 'nombre44.apellido44@example.com'),
(5, '1000045', 'Nombre45', 'Apellido45', 'Dirección 5', 'Ciudad 5', '3000000045', 'nombre45.apellido45@example.com'),
(1, '1000046', 'Nombre46', 'Apellido46', 'Dirección 1', 'Ciudad 1', '3000000046', 'nombre46.apellido46@example.com'),
(2, '1000047', 'Nombre47', 'Apellido47', 'Dirección 2', 'Ciudad 2', '3000000047', 'nombre47.apellido47@example.com'),
(3, '1000048', 'Nombre48', 'Apellido48', 'Dirección 3', 'Ciudad 3', '3000000048', 'nombre48.apellido48@example.com'),
(4, '1000049', 'Nombre49', 'Apellido49', 'Dirección 4', 'Ciudad 4', '3000000049', 'nombre49.apellido49@example.com'),
(5, '1000050', 'Nombre50', 'Apellido50', 'Dirección 5', 'Ciudad 5', '3000000050', 'nombre50.apellido50@example.com'),
(1, '1000051', 'Nombre51', 'Apellido51', 'Dirección 1', 'Ciudad 1', '3000000051', 'nombre51.apellido51@example.com'),
(2, '1000052', 'Nombre52', 'Apellido52', 'Dirección 2', 'Ciudad 2', '3000000052', 'nombre52.apellido52@example.com'),
(3, '1000053', 'Nombre53', 'Apellido53', 'Dirección 3', 'Ciudad 3', '3000000053', 'nombre53.apellido53@example.com'),
(4, '1000054', 'Nombre54', 'Apellido54', 'Dirección 4', 'Ciudad 4', '3000000054', 'nombre54.apellido54@example.com'),
(5, '1000055', 'Nombre55', 'Apellido55', 'Dirección 5', 'Ciudad 5', '3000000055', 'nombre55.apellido55@example.com'),
(1, '1000056', 'Nombre56', 'Apellido56', 'Dirección 1', 'Ciudad 1', '3000000056', 'nombre56.apellido56@example.com'),
(2, '1000057', 'Nombre57', 'Apellido57', 'Dirección 2', 'Ciudad 2', '3000000057', 'nombre57.apellido57@example.com'),
(3, '1000058', 'Nombre58', 'Apellido58', 'Dirección 3', 'Ciudad 3', '3000000058', 'nombre58.apellido58@example.com'),
(4, '1000059', 'Nombre59', 'Apellido59', 'Dirección 4', 'Ciudad 4', '3000000059', 'nombre59.apellido59@example.com'),
(5, '1000060', 'Nombre60', 'Apellido60', 'Dirección 5', 'Ciudad 5', '3000000060', 'nombre60.apellido60@example.com'),
(1, '1000061', 'Nombre61', 'Apellido61', 'Dirección 1', 'Ciudad 1', '3000000061', 'nombre61.apellido61@example.com'),
(2, '1000062', 'Nombre62', 'Apellido62', 'Dirección 2', 'Ciudad 2', '3000000062', 'nombre62.apellido62@example.com'),
(3, '1000063', 'Nombre63', 'Apellido63', 'Dirección 3', 'Ciudad 3', '3000000063', 'nombre63.apellido63@example.com'),
(4, '1000064', 'Nombre64', 'Apellido64', 'Dirección 4', 'Ciudad 4', '3000000064', 'nombre64.apellido64@example.com'),
(5, '1000065', 'Nombre65', 'Apellido65', 'Dirección 5', 'Ciudad 5', '3000000065', 'nombre65.apellido65@example.com'),
(1, '1000066', 'Nombre66', 'Apellido66', 'Dirección 1', 'Ciudad 1', '3000000066', 'nombre66.apellido66@example.com'),
(2, '1000067', 'Nombre67', 'Apellido67', 'Dirección 2', 'Ciudad 2', '3000000067', 'nombre67.apellido67@example.com'),
(3, '1000068', 'Nombre68', 'Apellido68', 'Dirección 3', 'Ciudad 3', '3000000068', 'nombre68.apellido68@example.com'),
(4, '1000069', 'Nombre69', 'Apellido69', 'Dirección 4', 'Ciudad 4', '3000000069', 'nombre69.apellido69@example.com'),
(5, '1000070', 'Nombre70', 'Apellido70', 'Dirección 5', 'Ciudad 5', '3000000070', 'nombre70.apellido70@example.com'),
(1, '1000071', 'Nombre71', 'Apellido71', 'Dirección 1', 'Ciudad 1', '3000000071', 'nombre71.apellido71@example.com'),
(2, '1000072', 'Nombre72', 'Apellido72', 'Dirección 2', 'Ciudad 2', '3000000072', 'nombre72.apellido72@example.com'),
(3, '1000073', 'Nombre73', 'Apellido73', 'Dirección 3', 'Ciudad 3', '3000000073', 'nombre73.apellido73@example.com'),
(4, '1000074', 'Nombre74', 'Apellido74', 'Dirección 4', 'Ciudad 4', '3000000074', 'nombre74.apellido74@example.com'),
(5, '1000075', 'Nombre75', 'Apellido75', 'Dirección 5', 'Ciudad 5', '3000000075', 'nombre75.apellido75@example.com'),
(1, '1000076', 'Nombre76', 'Apellido76', 'Dirección 1', 'Ciudad 1', '3000000076', 'nombre76.apellido76@example.com'),
(2, '1000077', 'Nombre77', 'Apellido77', 'Dirección 2', 'Ciudad 2', '3000000077', 'nombre77.apellido77@example.com'),
(3, '1000078', 'Nombre78', 'Apellido78', 'Dirección 3', 'Ciudad 3', '3000000078', 'nombre78.apellido78@example.com'),
(4, '1000079', 'Nombre79', 'Apellido79', 'Dirección 4', 'Ciudad 4', '3000000079', 'nombre79.apellido79@example.com'),
(5, '1000080', 'Nombre80', 'Apellido80', 'Dirección 5', 'Ciudad 5', '3000000080', 'nombre80.apellido80@example.com'),
(1, '1000081', 'Nombre81', 'Apellido81', 'Dirección 1', 'Ciudad 1', '3000000081', 'nombre81.apellido81@example.com'),
(2, '1000082', 'Nombre82', 'Apellido82', 'Dirección 2', 'Ciudad 2', '3000000082', 'nombre82.apellido82@example.com'),
(3, '1000083', 'Nombre83', 'Apellido83', 'Dirección 3', 'Ciudad 3', '3000000083', 'nombre83.apellido83@example.com'),
(4, '1000084', 'Nombre84', 'Apellido84', 'Dirección 4', 'Ciudad 4', '3000000084', 'nombre84.apellido84@example.com'),
(5, '1000085', 'Nombre85', 'Apellido85', 'Dirección 5', 'Ciudad 5', '3000000085', 'nombre85.apellido85@example.com'),
(1, '1000086', 'Nombre86', 'Apellido86', 'Dirección 1', 'Ciudad 1', '3000000086', 'nombre86.apellido86@example.com'),
(2, '1000087', 'Nombre87', 'Apellido87', 'Dirección 2', 'Ciudad 2', '3000000087', 'nombre87.apellido87@example.com'),
(3, '1000088', 'Nombre88', 'Apellido88', 'Dirección 3', 'Ciudad 3', '3000000088', 'nombre88.apellido88@example.com'),
(4, '1000089', 'Nombre89', 'Apellido89', 'Dirección 4', 'Ciudad 4', '3000000089', 'nombre89.apellido89@example.com'),
(5, '1000090', 'Nombre90', 'Apellido90', 'Dirección 5', 'Ciudad 5', '3000000090', 'nombre90.apellido90@example.com'),
(1, '1000091', 'Nombre91', 'Apellido91', 'Dirección 1', 'Ciudad 1', '3000000091', 'nombre91.apellido91@example.com'),
(2, '1000092', 'Nombre92', 'Apellido92', 'Dirección 2', 'Ciudad 2', '3000000092', 'nombre92.apellido92@example.com'),
(3, '1000093', 'Nombre93', 'Apellido93', 'Dirección 3', 'Ciudad 3', '3000000093', 'nombre93.apellido93@example.com'),
(4, '1000094', 'Nombre94', 'Apellido94', 'Dirección 4', 'Ciudad 4', '3000000094', 'nombre94.apellido94@example.com'),
(5, '1000095', 'Nombre95', 'Apellido95', 'Dirección 5', 'Ciudad 5', '3000000095', 'nombre95.apellido95@example.com'),
(1, '1000096', 'Nombre96', 'Apellido96', 'Dirección 1', 'Ciudad 1', '3000000096', 'nombre96.apellido96@example.com'),
(2, '1000097', 'Nombre97', 'Apellido97', 'Dirección 2', 'Ciudad 2', '3000000097', 'nombre97.apellido97@example.com'),
(3, '1000098', 'Nombre98', 'Apellido98', 'Dirección 3', 'Ciudad 3', '3000000098', 'nombre98.apellido98@example.com'),
(4, '1000099', 'Nombre99', 'Apellido99', 'Dirección 4', 'Ciudad 4', '3000000099', 'nombre99.apellido99@example.com'),
(5, '1000100', 'Nombre100', 'Apellido100', 'Dirección 5', 'Ciudad 5', '3000000100', 'nombre100.apellido100@example.com');

INSERT INTO clientes (cedula, nombres, apellidos, direccion, ciudad_residencia, celular, correo_electronico) VALUES
('2000001', 'ClienteNombre1', 'ClienteApellido1', 'Dirección 1', 'Ciudad 1', '3100000001', 'cliente1.apellido1@example.com'),
('2000002', 'ClienteNombre2', 'ClienteApellido2', 'Dirección 2', 'Ciudad 2', '3100000002', 'cliente2.apellido2@example.com'),
('2000003', 'ClienteNombre3', 'ClienteApellido3', 'Dirección 3', 'Ciudad 3', '3100000003', 'cliente3.apellido3@example.com'),
('2000004', 'ClienteNombre4', 'ClienteApellido4', 'Dirección 4', 'Ciudad 4', '3100000004', 'cliente4.apellido4@example.com'),
('2000005', 'ClienteNombre5', 'ClienteApellido5', 'Dirección 5', 'Ciudad 5', '3100000005', 'cliente5.apellido5@example.com'),
('2000006', 'ClienteNombre6', 'ClienteApellido6', 'Dirección 6', 'Ciudad 6', '3100000006', 'cliente6.apellido6@example.com'),
('2000007', 'ClienteNombre7', 'ClienteApellido7', 'Dirección 7', 'Ciudad 7', '3100000007', 'cliente7.apellido7@example.com'),
('2000008', 'ClienteNombre8', 'ClienteApellido8', 'Dirección 8', 'Ciudad 8', '3100000008', 'cliente8.apellido8@example.com'),
('2000009', 'ClienteNombre9', 'ClienteApellido9', 'Dirección 9', 'Ciudad 9', '3100000009', 'cliente9.apellido9@example.com'),
('2000010', 'ClienteNombre10', 'ClienteApellido10', 'Dirección 10', 'Ciudad 10', '3100000010', 'cliente10.apellido10@example.com'),
('2000011', 'ClienteNombre11', 'ClienteApellido11', 'Dirección 11', 'Ciudad 11', '3100000011', 'cliente11.apellido11@example.com'),
('20000112', 'ClienteNombre12', 'ClienteApellido12', 'Dirección 12', 'Ciudad 12', '3100000012', 'cliente12.apellido12@example.com'),
('2000013', 'ClienteNombre13', 'ClienteApellido13', 'Dirección 13', 'Ciudad 13', '3100000013', 'cliente13.apellido13@example.com'),
('2000014', 'ClienteNombre14', 'ClienteApellido14', 'Dirección 14', 'Ciudad 14', '3100000014', 'cliente14.apellido14@example.com'),
('2000015', 'ClienteNombre15', 'ClienteApellido15', 'Dirección 15', 'Ciudad 15', '3100000015', 'cliente15.apellido15@example.com'),
('2000016', 'ClienteNombre16', 'ClienteApellido16', 'Dirección 16', 'Ciudad 16', '3100000016', 'cliente16.apellido16@example.com'),
('2000017', 'ClienteNombre17', 'ClienteApellido17', 'Dirección 17', 'Ciudad 17', '3100000017', 'cliente17.apellido17@example.com'),
('2000018', 'ClienteNombre18', 'ClienteApellido18', 'Dirección 18', 'Ciudad 18', '3100000018', 'cliente18.apellido18@example.com'),
('2000019', 'ClienteNombre19', 'ClienteApellido19', 'Dirección 19', 'Ciudad 19', '3100000019', 'cliente19.apellido19@example.com'),
('2000020', 'ClienteNombre20', 'ClienteApellido20', 'Dirección 20', 'Ciudad 20', '3100000020', 'cliente20.apellido20@example.com'),
('2000021', 'ClienteNombre21', 'ClienteApellido21', 'Dirección 21', 'Ciudad 21', '3100000021', 'cliente21.apellido21@example.com'),
('2000022', 'ClienteNombre22', 'ClienteApellido22', 'Dirección 22', 'Ciudad 22', '3100000022', 'cliente22.apellido22@example.com'),
('2000023', 'ClienteNombre23', 'ClienteApellido23', 'Dirección 23', 'Ciudad 23', '3100000023', 'cliente23.apellido23@example.com'),
('2000024', 'ClienteNombre24', 'ClienteApellido24', 'Dirección 24', 'Ciudad 24', '3100000024', 'cliente24.apellido24@example.com'),
('2000025', 'ClienteNombre25', 'ClienteApellido25', 'Dirección 25', 'Ciudad 25', '3100000025', 'cliente25.apellido25@example.com'),
('2000026', 'ClienteNombre26', 'ClienteApellido26', 'Dirección 26', 'Ciudad 26', '3100000026', 'cliente26.apellido26@example.com'),
('2000027', 'ClienteNombre27', 'ClienteApellido27', 'Dirección 27', 'Ciudad 27', '3100000027', 'cliente27.apellido27@example.com'),
('2000028', 'ClienteNombre28', 'ClienteApellido28', 'Dirección 28', 'Ciudad 28', '3100000028', 'cliente28.apellido28@example.com'),
('2000029', 'ClienteNombre29', 'ClienteApellido29', 'Dirección 29', 'Ciudad 29', '3100000029', 'cliente29.apellido29@example.com'),
('2000030', 'ClienteNombre30', 'ClienteApellido30', 'Dirección 30', 'Ciudad 30', '3100000030', 'cliente30.apellido30@example.com'),
('2000031', 'ClienteNombre31', 'ClienteApellido31', 'Dirección 31', 'Ciudad 31', '3100000031', 'cliente31.apellido31@example.com'),
('2000032', 'ClienteNombre32', 'ClienteApellido32', 'Dirección 32', 'Ciudad 32', '3100000032', 'cliente32.apellido32@example.com'),
('2000033', 'ClienteNombre33', 'ClienteApellido33', 'Dirección 33', 'Ciudad 33', '3100000033', 'cliente33.apellido33@example.com'),
('2000034', 'ClienteNombre34', 'ClienteApellido34', 'Dirección 34', 'Ciudad 34', '3100000034', 'cliente34.apellido34@example.com'),
('2000035', 'ClienteNombre35', 'ClienteApellido35', 'Dirección 35', 'Ciudad 35', '3100000035', 'cliente35.apellido35@example.com'),
('2000036', 'ClienteNombre36', 'ClienteApellido36', 'Dirección 36', 'Ciudad 36', '3100000036', 'cliente36.apellido36@example.com'),
('2000037', 'ClienteNombre37', 'ClienteApellido37', 'Dirección 37', 'Ciudad 37', '3100000037', 'cliente37.apellido37@example.com'),
('2000038', 'ClienteNombre38', 'ClienteApellido38', 'Dirección 38', 'Ciudad 38', '3100000038', 'cliente38.apellido38@example.com'),
('2000039', 'ClienteNombre39', 'ClienteApellido39', 'Dirección 39', 'Ciudad 39', '3100000039', 'cliente39.apellido39@example.com'),
('2000040', 'ClienteNombre40', 'ClienteApellido40', 'Dirección 40', 'Ciudad 40', '3100000040', 'cliente40.apellido40@example.com'),
('2000041', 'ClienteNombre41', 'ClienteApellido41', 'Dirección 41', 'Ciudad 41', '3100000041', 'cliente41.apellido41@example.com'),
('2000042', 'ClienteNombre42', 'ClienteApellido42', 'Dirección 42', 'Ciudad 42', '3100000042', 'cliente42.apellido42@example.com'),
('2000043', 'ClienteNombre43', 'ClienteApellido43', 'Dirección 43', 'Ciudad 43', '3100000043', 'cliente43.apellido43@example.com'),
('2000044', 'ClienteNombre44', 'ClienteApellido44', 'Dirección 44', 'Ciudad 44', '3100000044', 'cliente44.apellido44@example.com'),
('2000045', 'ClienteNombre45', 'ClienteApellido45', 'Dirección 45', 'Ciudad 45', '3100000045', 'cliente45.apellido45@example.com'),
('2000046', 'ClienteNombre46', 'ClienteApellido46', 'Dirección 46', 'Ciudad 46', '3100000046', 'cliente46.apellido46@example.com'),
('2000047', 'ClienteNombre47', 'ClienteApellido47', 'Dirección 47', 'Ciudad 47', '3100000047', 'cliente47.apellido47@example.com'),
('2000048', 'ClienteNombre48', 'ClienteApellido48', 'Dirección 48', 'Ciudad 48', '3100000048', 'cliente48.apellido48@example.com'),
('2000049', 'ClienteNombre49', 'ClienteApellido49', 'Dirección 49', 'Ciudad 49', '3100000049', 'cliente49.apellido49@example.com'),
('2000050', 'ClienteNombre50', 'ClienteApellido50', 'Dirección 50', 'Ciudad 50', '3100000050', 'cliente50.apellido50@example.com'),
('2000051', 'ClienteNombre51', 'ClienteApellido51', 'Dirección 51', 'Ciudad 51', '3100000051', 'cliente51.apellido51@example.com'),
('2000052', 'ClienteNombre52', 'ClienteApellido52', 'Dirección 52', 'Ciudad 52', '3100000052', 'cliente52.apellido52@example.com'),
('2000053', 'ClienteNombre53', 'ClienteApellido53', 'Dirección 53', 'Ciudad 53', '3100000053', 'cliente53.apellido53@example.com'),
('2000054', 'ClienteNombre54', 'ClienteApellido54', 'Dirección 54', 'Ciudad 54', '3100000054', 'cliente54.apellido54@example.com'),
('2000055', 'ClienteNombre55', 'ClienteApellido55', 'Dirección 55', 'Ciudad 55', '3100000055', 'cliente55.apellido55@example.com'),
('2000056', 'ClienteNombre56', 'ClienteApellido56', 'Dirección 56', 'Ciudad 56', '3100000056', 'cliente56.apellido56@example.com'),
('2000057', 'ClienteNombre57', 'ClienteApellido57', 'Dirección 57', 'Ciudad 57', '3100000057', 'cliente57.apellido57@example.com'),
('2000058', 'ClienteNombre58', 'ClienteApellido58', 'Dirección 58', 'Ciudad 58', '3100000058', 'cliente58.apellido58@example.com'),
('2000059', 'ClienteNombre59', 'ClienteApellido59', 'Dirección 59', 'Ciudad 59', '3100000059', 'cliente59.apellido59@example.com'),
('2000060', 'ClienteNombre60', 'ClienteApellido60', 'Dirección 60', 'Ciudad 60', '3100000060', 'cliente60.apellido60@example.com'),
('2000061', 'ClienteNombre61', 'ClienteApellido61', 'Dirección 61', 'Ciudad 61', '3100000061', 'cliente61.apellido61@example.com'),
('2000062', 'ClienteNombre62', 'ClienteApellido62', 'Dirección 62', 'Ciudad 62', '3100000062', 'cliente62.apellido62@example.com'),
('2000063', 'ClienteNombre63', 'ClienteApellido63', 'Dirección 63', 'Ciudad 63', '3100000063', 'cliente63.apellido63@example.com'),
('2000064', 'ClienteNombre64', 'ClienteApellido64', 'Dirección 64', 'Ciudad 64', '3100000064', 'cliente64.apellido64@example.com'),
('2000065', 'ClienteNombre65', 'ClienteApellido65', 'Dirección 65', 'Ciudad 65', '3100000065', 'cliente65.apellido65@example.com'),
('2000066', 'ClienteNombre66', 'ClienteApellido66', 'Dirección 66', 'Ciudad 66', '3100000066', 'cliente66.apellido66@example.com'),
('2000067', 'ClienteNombre67', 'ClienteApellido67', 'Dirección 67', 'Ciudad 67', '3100000067', 'cliente67.apellido67@example.com'),
('2000068', 'ClienteNombre68', 'ClienteApellido68', 'Dirección 68', 'Ciudad 68', '3100000068', 'cliente68.apellido68@example.com'),
('2000069', 'ClienteNombre69', 'ClienteApellido69', 'Dirección 69', 'Ciudad 69', '3100000069', 'cliente69.apellido69@example.com'),
('2000070', 'ClienteNombre70', 'ClienteApellido70', 'Dirección 70', 'Ciudad 70', '3100000070', 'cliente70.apellido70@example.com'),
('2000071', 'ClienteNombre71', 'ClienteApellido71', 'Dirección 71', 'Ciudad 71', '3100000071', 'cliente71.apellido71@example.com'),
('2000072', 'ClienteNombre72', 'ClienteApellido72', 'Dirección 72', 'Ciudad 72', '3100000072', 'cliente72.apellido72@example.com'),
('2000073', 'ClienteNombre73', 'ClienteApellido73', 'Dirección 73', 'Ciudad 73', '3100000073', 'cliente73.apellido73@example.com'),
('2000074', 'ClienteNombre74', 'ClienteApellido74', 'Dirección 74', 'Ciudad 74', '3100000074', 'cliente74.apellido74@example.com'),
('2000075', 'ClienteNombre75', 'ClienteApellido75', 'Dirección 75', 'Ciudad 75', '3100000075', 'cliente75.apellido75@example.com'),
('2000076', 'ClienteNombre76', 'ClienteApellido76', 'Dirección 76', 'Ciudad 76', '3100000076', 'cliente76.apellido76@example.com'),
('2000077', 'ClienteNombre77', 'ClienteApellido77', 'Dirección 77', 'Ciudad 77', '3100000077', 'cliente77.apellido77@example.com'),
('2000078', 'ClienteNombre78', 'ClienteApellido78', 'Dirección 78', 'Ciudad 78', '3100000078', 'cliente78.apellido78@example.com'),
('2000079', 'ClienteNombre79', 'ClienteApellido79', 'Dirección 79', 'Ciudad 79', '3100000079', 'cliente79.apellido79@example.com'),
('2000080', 'ClienteNombre80', 'ClienteApellido80', 'Dirección 80', 'Ciudad 80', '3100000080', 'cliente80.apellido80@example.com'),
('2000081', 'ClienteNombre81', 'ClienteApellido81', 'Dirección 81', 'Ciudad 81', '3100000081', 'cliente81.apellido81@example.com'),
('2000082', 'ClienteNombre82', 'ClienteApellido82', 'Dirección 82', 'Ciudad 82', '3100000082', 'cliente82.apellido82@example.com'),
('2000083', 'ClienteNombre83', 'ClienteApellido83', 'Dirección 83', 'Ciudad 83', '3100000083', 'cliente83.apellido83@example.com'),
('2000084', 'ClienteNombre84', 'ClienteApellido84', 'Dirección 84', 'Ciudad 84', '3100000084', 'cliente84.apellido84@example.com'),
('2000085', 'ClienteNombre85', 'ClienteApellido85', 'Dirección 85', 'Ciudad 85', '3100000085', 'cliente85.apellido85@example.com'),
('2000086', 'ClienteNombre86', 'ClienteApellido86', 'Dirección 86', 'Ciudad 86', '3100000086', 'cliente86.apellido86@example.com'),
('2000087', 'ClienteNombre87', 'ClienteApellido87', 'Dirección 87', 'Ciudad 87', '3100000087', 'cliente87.apellido87@example.com'),
('2000088', 'ClienteNombre88', 'ClienteApellido88', 'Dirección 88', 'Ciudad 88', '3100000088', 'cliente88.apellido88@example.com'),
('2000089', 'ClienteNombre89', 'ClienteApellido89', 'Dirección 89', 'Ciudad 89', '3100000089', 'cliente89.apellido89@example.com'),
('2000090', 'ClienteNombre90', 'ClienteApellido90', 'Dirección 90', 'Ciudad 90', '3100000090', 'cliente90.apellido90@example.com'),
('2000091', 'ClienteNombre91', 'ClienteApellido91', 'Dirección 91', 'Ciudad 91', '3100000091', 'cliente91.apellido91@example.com'),
('2000092', 'ClienteNombre92', 'ClienteApellido92', 'Dirección 92', 'Ciudad 92', '3100000092', 'cliente92.apellido92@example.com'),
('2000093', 'ClienteNombre93', 'ClienteApellido93', 'Dirección 93', 'Ciudad 93', '3100000093', 'cliente93.apellido93@example.com'),
('2000094', 'ClienteNombre94', 'ClienteApellido94', 'Dirección 94', 'Ciudad 94', '3100000094', 'cliente94.apellido94@example.com'),
('2000095', 'ClienteNombre95', 'ClienteApellido95', 'Dirección 95', 'Ciudad 95', '3100000095', 'cliente95.apellido95@example.com'),
('2000096', 'ClienteNombre96', 'ClienteApellido96', 'Dirección 96', 'Ciudad 96', '3100000096', 'cliente96.apellido96@example.com'),
('2000097', 'ClienteNombre97', 'ClienteApellido97', 'Dirección 97', 'Ciudad 97', '3100000097', 'cliente97.apellido97@example.com'),
('2000098', 'ClienteNombre98', 'ClienteApellido98', 'Dirección 98', 'Ciudad 98', '3100000098', 'cliente98.apellido98@example.com'),
('2000099', 'ClienteNombre99', 'ClienteApellido99', 'Dirección 99', 'Ciudad 99', '3100000099', 'cliente99.apellido99@example.com'),
('2000100', 'ClienteNombre100', 'ClienteApellido100', 'Dirección 100', 'Ciudad 100', '3100000100', 'cliente100.apellido100@example.com');

INSERT INTO vehiculos (tipo_vehiculo, placa, referencia, modelo, puertas, capacidad, sunroof, motor, color) VALUES
('Sedán', 'ABC001', 'Toyota Corolla', 2020, 4, 5, TRUE, '1.8L', 'Rojo'),
('SUV', 'ABC002', 'Honda CR-V', 2021, 5, 7, FALSE, '2.4L', 'Negro'),
('Coupé', 'ABC003', 'Ford Mustang', 2019, 2, 4, TRUE, '5.0L', 'Azul'),
('Hatchback', 'ABC004', 'Volkswagen Golf', 2018, 4, 5, FALSE, '1.4L', 'Blanco'),
('Camioneta', 'ABC005', 'Chevrolet Silverado', 2022, 4, 5, FALSE, '3.0L', 'Plateado'),
('Sedán', 'ABC006', 'Hyundai Elantra', 2017, 4, 5, TRUE, '2.0L', 'Gris'),
('SUV', 'ABC007', 'Mazda CX-5', 2020, 5, 5, FALSE, '2.5L', 'Verde'),
('Coupé', 'ABC008', 'Chevrolet Camaro', 2016, 2, 4, TRUE, '6.2L', 'Amarillo'),
('Hatchback', 'ABC009', 'Ford Fiesta', 2019, 4, 5, FALSE, '1.6L', 'Rojo'),
('Camioneta', 'ABC010', 'RAM 1500', 2021, 4, 6, FALSE, '3.6L', 'Negro'),
('Sedán', 'ABC011', 'BMW Serie 3', 2022, 4, 5, TRUE, '2.0L', 'Blanco'),
('SUV', 'ABC012', 'Jeep Cherokee', 2018, 5, 5, FALSE, '3.2L', 'Gris'),
('Coupé', 'ABC013', 'Audi A5', 2017, 2, 4, TRUE, '2.0L', 'Negro'),
('Hatchback', 'ABC014', 'Kia Rio', 2020, 4, 5, FALSE, '1.6L', 'Azul'),
('Camioneta', 'ABC015', 'Nissan Frontier', 2019, 4, 5, FALSE, '2.5L', 'Rojo'),
('Sedán', 'ABC016', 'Mercedes-Benz Clase C', 2018, 4, 5, TRUE, '2.0L', 'Plateado'),
('SUV', 'ABC017', 'Subaru Forester', 2021, 5, 5, FALSE, '2.5L', 'Verde'),
('Coupé', 'ABC018', 'BMW M4', 2020, 2, 4, TRUE, '3.0L', 'Amarillo'),
('Hatchback', 'ABC019', 'Chevrolet Spark', 2016, 4, 5, FALSE, '1.4L', 'Blanco'),
('Camioneta', 'ABC020', 'Toyota Hilux', 2017, 4, 5, FALSE, '2.8L', 'Gris'),
('Sedán', 'ABC021', 'Audi A4', 2019, 4, 5, TRUE, '2.0L', 'Negro'),
('SUV', 'ABC022', 'Ford Explorer', 2022, 5, 7, FALSE, '3.0L', 'Azul'),
('Coupé', 'ABC023', 'Lexus RC', 2018, 2, 4, TRUE, '3.5L', 'Rojo'),
('Hatchback', 'ABC024', 'Honda Fit', 2019, 4, 5, FALSE, '1.5L', 'Verde'),
('Camioneta', 'ABC025', 'GMC Sierra', 2020, 4, 5, FALSE, '4.3L', 'Plateado'),
('Sedán', 'ABC026', 'Infiniti Q50', 2017, 4, 5, TRUE, '3.0L', 'Blanco'),
('SUV', 'ABC027', 'Kia Sportage', 2018, 5, 5, FALSE, '2.4L', 'Negro'),
('Coupé', 'ABC028', 'Porsche 911', 2021, 2, 4, TRUE, '3.0L', 'Amarillo'),
('Hatchback', 'ABC029', 'Toyota Yaris', 2022, 4, 5, FALSE, '1.5L', 'Rojo'),
('Camioneta', 'ABC030', 'Ford Ranger', 2016, 4, 5, FALSE, '3.2L', 'Azul'),
('Sedán', 'ABC031', 'Lexus ES', 2019, 4, 5, TRUE, '3.5L', 'Gris'),
('SUV', 'ABC032', 'Hyundai Santa Fe', 2020, 5, 5, FALSE, '2.4L', 'Blanco'),
('Coupé', 'ABC033', 'Jaguar F-Type', 2017, 2, 4, TRUE, '3.0L', 'Negro'),
('Hatchback', 'ABC034', 'Mini Cooper', 2021, 4, 5, FALSE, '2.0L', 'Azul'),
('Camioneta', 'ABC035', 'Nissan Titan', 2018, 4, 5, FALSE, '5.6L', 'Rojo'),
('Sedán', 'ABC036', 'Acura TLX', 2022, 4, 5, TRUE, '2.0L', 'Gris'),
('SUV', 'ABC037', 'Volvo XC60', 2019, 5, 5, FALSE, '2.0L', 'Blanco'),
('Coupé', 'ABC038', 'Chevrolet Corvette', 2020, 2, 4, TRUE, '6.2L', 'Negro'),
('Hatchback', 'ABC039', 'Mazda 3', 2016, 4, 5, FALSE, '2.0L', 'Azul'),
('Camioneta', 'ABC040', 'Chevrolet Colorado', 2017, 4, 5, FALSE, '2.5L', 'Verde'),
('Sedán', 'ABC041', 'Tesla Model S', 2018, 4, 5, TRUE, 'Eléctrico', 'Rojo'),
('SUV', 'ABC042', 'Land Rover Discovery', 2021, 5, 7, FALSE, '3.0L', 'Negro'),
('Coupé', 'ABC043', 'Alfa Romeo 4C', 2019, 2, 4, TRUE, '1.7L', 'Blanco'),
('Hatchback', 'ABC044', 'Fiat 500', 2020, 4, 5, FALSE, '1.4L', 'Gris'),
('Camioneta', 'ABC045', 'Toyota Tacoma', 2016, 4, 5, FALSE, '3.5L', 'Amarillo'),
('Sedán', 'ABC046', 'Volvo S60', 2017, 4, 5, TRUE, '2.0L', 'Azul'),
('SUV', 'ABC047', 'BMW X5', 2022, 5, 5, FALSE, '3.0L', 'Rojo'),
('Coupé', 'ABC048', 'Nissan 370Z', 2018, 2, 4, TRUE, '3.7L', 'Negro'),
('Hatchback', 'ABC049', 'Suzuki Swift', 2021, 4, 5, FALSE, '1.2L', 'Blanco'),
('Camioneta', 'ABC050', 'Ford F-150', 2019, 4, 5, FALSE, '3.3L', 'Gris'),
('Sedán', 'ABC051', 'Cadillac CTS', 2020, 4, 5, TRUE, '3.6L', 'Negro'),
('SUV', 'ABC052', 'Audi Q7', 2016, 5, 7, FALSE, '3.0L', 'Azul'),
('Coupé', 'ABC053', 'Toyota 86', 2017, 2, 4, TRUE, '2.0L', 'Rojo'),
('Hatchback', 'ABC054', 'Renault Sandero', 2018, 4, 5, FALSE, '1.6L', 'Gris'),
('Camioneta', 'ABC055', 'Mitsubishi L200', 2022, 4, 5, FALSE, '2.4L', 'Negro'),
('Sedán', 'ABC056', 'Jaguar XF', 2021, 4, 5, TRUE, '2.0L', 'Blanco'),
('SUV', 'ABC057', 'Porsche Cayenne', 2019, 5, 5, FALSE, '3.0L', 'Gris'),
('Coupé', 'ABC058', 'Ford GT', 2018, 2, 4, TRUE, '3.5L', 'Amarillo'),
('Hatchback', 'ABC059', 'Seat Ibiza', 2019, 4, 5, FALSE, '1.0L', 'Verde'),
('Camioneta', 'ABC060', 'Isuzu D-Max', 2017, 4, 5, FALSE, '2.5L', 'Rojo'),
('Sedán', 'ABC061', 'Tesla Model 3', 2020, 4, 5, TRUE, 'Eléctrico', 'Azul'),
('SUV', 'ABC062', 'Range Rover Evoque', 2016, 5, 5, FALSE, '2.0L', 'Blanco'),
('Coupé', 'ABC063', 'Chevrolet Corvette', 2017, 2, 4, TRUE, '6.2L', 'Negro'),
('Hatchback', 'ABC064', 'Volkswagen Polo', 2021, 4, 5, FALSE, '1.6L', 'Azul'),
('Camioneta', 'ABC065', 'Toyota Tundra', 2018, 4, 5, FALSE, '5.7L', 'Rojo'),
('Sedán', 'ABC066', 'Mercedes-Benz Clase E', 2019, 4, 5, TRUE, '3.0L', 'Gris'),
('SUV', 'ABC067', 'Lexus RX', 2022, 5, 5, FALSE, '3.5L', 'Negro'),
('Coupé', 'ABC068', 'BMW Serie 4', 2020, 2, 4, TRUE, '2.0L', 'Blanco'),
('Hatchback', 'ABC069', 'Ford Focus', 2016, 4, 5, FALSE, '2.0L', 'Gris'),
('Camioneta', 'ABC070', 'Nissan Navara', 2017, 4, 5, FALSE, '2.3L', 'Azul'),
('Sedán', 'ABC071', 'Jaguar XE', 2021, 4, 5, TRUE, '2.0L', 'Rojo'),
('SUV', 'ABC072', 'Honda Pilot', 2019, 5, 7, FALSE, '3.5L', 'Negro'),
('Coupé', 'ABC073', 'Lexus LC', 2020, 2, 4, TRUE, '5.0L', 'Blanco'),
('Hatchback', 'ABC074', 'Chevrolet Aveo', 2018, 4, 5, FALSE, '1.6L', 'Gris'),
('Camioneta', 'ABC075', 'Volkswagen Amarok', 2019, 4, 5, FALSE, '2.0L', 'Verde'),
('Sedán', 'ABC076', 'Audi A6', 2022, 4, 5, TRUE, '3.0L', 'Negro'),
('SUV', 'ABC077', 'Jeep Grand Cherokee', 2017, 5, 5, FALSE, '3.6L', 'Azul'),
('Coupé', 'ABC078', 'Mercedes-Benz Clase C Coupé', 2016, 2, 4, TRUE, '2.0L', 'Rojo'),
('Hatchback', 'ABC079', 'Hyundai i20', 2021, 4, 5, FALSE, '1.2L', 'Blanco'),
('Camioneta', 'ABC080', 'RAM 2500', 2018, 4, 5, FALSE, '6.7L', 'Gris'),
('Sedán', 'ABC081', 'BMW Serie 5', 2020, 4, 5, TRUE, '3.0L', 'Negro'),
('SUV', 'ABC082', 'Volvo XC90', 2019, 5, 7, FALSE, '2.0L', 'Blanco'),
('Coupé', 'ABC083', 'Porsche Cayman', 2022, 2, 4, TRUE, '2.0L', 'Amarillo'),
('Hatchback', 'ABC084', 'Kia Picanto', 2016, 4, 5, FALSE, '1.0L', 'Verde'),
('Camioneta', 'ABC085', 'Chevrolet Avalanche', 2017, 4, 5, FALSE, '5.3L', 'Rojo'),
('Sedán', 'ABC086', 'Genesis G70', 2018, 4, 5, TRUE, '3.3L', 'Azul'),
('SUV', 'ABC087', 'Mitsubishi Outlander', 2020, 5, 5, FALSE, '2.4L', 'Blanco'),
('Coupé', 'ABC088', 'Chevrolet Camaro', 2019, 2, 4, TRUE, '6.2L', 'Negro'),
('Hatchback', 'ABC089', 'Ford Ka', 2021, 4, 5, FALSE, '1.5L', 'Gris'),
('Camioneta', 'ABC090', 'Toyota Land Cruiser', 2018, 4, 5, FALSE, '4.0L', 'Azul'),
('Sedán', 'ABC091', 'Audi A8', 2017, 4, 5, TRUE, '3.0L', 'Rojo'),
('SUV', 'ABC092', 'Honda CR-V', 2019, 5, 5, FALSE, '2.4L', 'Negro'),
('Coupé', 'ABC093', 'Lexus RC', 2020, 2, 4, TRUE, '3.5L', 'Blanco'),
('Hatchback', 'ABC094', 'Mazda 2', 2018, 4, 5, FALSE, '1.5L', 'Gris'),
('Camioneta', 'ABC095', 'Nissan Titan', 2021, 4, 5, FALSE, '5.6L', 'Rojo'),
('Sedán', 'ABC096', 'Tesla Model S', 2016, 4, 5, TRUE, 'Eléctrico', 'Negro'),
('SUV', 'ABC097', 'Ford Edge', 2017, 5, 5, FALSE, '2.0L', 'Blanco'),
('Coupé', 'ABC098', 'Audi TT', 2019, 2, 4, TRUE, '2.0L', 'Azul'),
('Hatchback', 'ABC099', 'Volkswagen Beetle', 2020, 4, 5, FALSE, '1.8L', 'Verde'),
('Camioneta', 'ABC100', 'GMC Sierra', 2022, 4, 5, FALSE, '6.2L', 'Gris');

INSERT INTO alquileres (id_vehiculo, id_cliente, id_empleado, id_sucursal_salida, fecha_salida, id_sucursal_llegada, fecha_llegada, fecha_esperada_llegada, valor_alquiler_semana, valor_alquiler_dia, porcentaje_descuento, valor_cotizado, valor_pagado) VALUES
(1, 1, 1, 1, '2023-01-01', 2, '2023-01-08', '2023-01-07', 300.00, 50.00, 10.00, 450.00, 405.00),
(2, 2, 2, 2, '2023-01-02', 3, '2023-01-09', '2023-01-08', 300.00, 50.00, 5.00, 425.00, 403.75),
(3, 3, 3, 3, '2023-01-03', 4, '2023-01-10', '2023-01-09', 300.00, 50.00, 15.00, 450.00, 382.50),
(4, 4, 4, 4, '2023-01-04', 5, '2023-01-11', '2023-01-10', 300.00, 50.00, 20.00, 450.00, 360.00),
(5, 5, 5, 5, '2023-01-05', 1, '2023-01-12', '2023-01-11', 300.00, 50.00, 10.00, 450.00, 405.00),
(6, 6, 6, 1, '2023-01-06', 2, '2023-01-13', '2023-01-12', 300.00, 50.00, 5.00, 425.00, 403.75),
(7, 7, 7, 2, '2023-01-07', 3, '2023-01-14', '2023-01-13', 300.00, 50.00, 15.00, 450.00, 382.50),
(8, 8, 8, 3, '2023-01-08', 4, '2023-01-15', '2023-01-14', 300.00, 50.00, 20.00, 450.00, 360.00),
(9, 9, 9, 4, '2023-01-09', 5, '2023-01-16', '2023-01-15', 300.00, 50.00, 10.00, 450.00, 405.00),
(10, 10, 10, 5, '2023-01-10', 1, '2023-01-17', '2023-01-16', 300.00, 50.00, 5.00, 425.00, 403.75),
(11, 11, 11, 1, '2023-01-11', 2, '2023-01-18', '2023-01-17', 300.00, 50.00, 15.00, 450.00, 382.50),
(12, 12, 12, 2, '2023-01-12', 3, '2023-01-19', '2023-01-18', 300.00, 50.00, 20.00, 450.00, 360.00),
(13, 13, 13, 3, '2023-01-13', 4, '2023-01-20', '2023-01-19', 300.00, 50.00, 10.00, 450.00, 405.00),
(14, 14, 14, 4, '2023-01-14', 5, '2023-01-21', '2023-01-20', 300.00, 50.00, 5.00, 425.00, 403.75),
(15, 15, 15, 5, '2023-01-15', 1, '2023-01-22', '2023-01-21', 300.00, 50.00, 15.00, 450.00, 382.50),
(16, 16, 16, 1, '2023-01-16', 2, '2023-01-23', '2023-01-22', 300.00, 50.00, 20.00, 450.00, 360.00),
(17, 17, 17, 2, '2023-01-17', 3, '2023-01-24', '2023-01-23', 300.00, 50.00, 10.00, 450.00, 405.00),
(18, 18, 18, 3, '2023-01-18', 4, '2023-01-25', '2023-01-24', 300.00, 50.00, 5.00, 425.00, 403.75),
(19, 19, 19, 4, '2023-01-19', 5, '2023-01-26', '2023-01-25', 300.00, 50.00, 15.00, 450.00, 382.50),
(20, 20, 20, 5, '2023-01-20', 1, '2023-01-27', '2023-01-26', 300.00, 50.00, 20.00, 450.00, 360.00),
(21, 21, 21, 1, '2023-01-21', 2, '2023-01-28', '2023-01-27', 300.00, 50.00, 10.00, 450.00, 405.00),
(22, 22, 22, 2, '2023-01-22', 3, '2023-01-29', '2023-01-28', 300.00, 50.00, 5.00, 425.00, 403.75),
(23, 23, 23, 3, '2023-01-23', 4, '2023-01-30', '2023-01-29', 300.00, 50.00, 15.00, 450.00, 382.50),
(24, 24, 24, 4, '2023-01-24', 5, '2023-01-31', '2023-01-30', 300.00, 50.00, 20.00, 450.00, 360.00),
(25, 25, 25, 5, '2023-01-25', 1, '2023-02-01', '2023-01-31', 300.00, 50.00, 10.00, 450.00, 405.00),
(26, 26, 26, 1, '2023-01-26', 2, '2023-02-02', '2023-02-01', 300.00, 50.00, 5.00, 425.00, 403.75),
(27, 27, 27, 2, '2023-01-27', 3, '2023-02-03', '2023-02-02', 300.00, 50.00, 15.00, 450.00, 382.50),
(28, 28, 28, 3, '2023-01-28', 4, '2023-02-04', '2023-02-03', 300.00, 50.00, 20.00, 450.00, 360.00),
(29, 29, 29, 4, '2023-01-29', 5, '2023-02-05', '2023-02-04', 300.00, 50.00, 10.00, 450.00, 405.00),
(30, 30, 30, 5, '2023-01-30', 1, '2023-02-06', '2023-02-05', 300.00, 50.00, 5.00, 425.00, 403.75),
(31, 31, 31, 1, '2023-01-31', 2, '2023-02-07', '2023-02-06', 300.00, 50.00, 15.00, 450.00, 382.50),
(32, 32, 32, 2, '2023-02-01', 3, '2023-02-08', '2023-02-07', 300.00, 50.00, 20.00, 450.00, 360.00),
(33, 33, 33, 3, '2023-02-02', 4, '2023-02-09', '2023-02-08', 300.00, 50.00, 10.00, 450.00, 405.00),
(34, 34, 34, 4, '2023-02-03', 5, '2023-02-10', '2023-02-09', 300.00, 50.00, 5.00, 425.00, 403.75),
(35, 35, 35, 5, '2023-02-04', 1, '2023-02-11', '2023-02-10', 300.00, 50.00, 15.00, 450.00, 382.50),
(36, 36, 36, 1, '2023-02-05', 2, '2023-02-12', '2023-02-11', 300.00, 50.00, 20.00, 450.00, 360.00),
(37, 37, 37, 2, '2023-02-06', 3, '2023-02-13', '2023-02-12', 300.00, 50.00, 10.00, 450.00, 405.00),
(38, 38, 38, 3, '2023-02-07', 4, '2023-02-14', '2023-02-13', 300.00, 50.00, 5.00, 425.00, 403.75),
(39, 39, 39, 4, '2023-02-08', 5, '2023-02-15', '2023-02-14', 300.00, 50.00, 15.00, 450.00, 382.50),
(40, 40, 40, 5, '2023-02-09', 1, '2023-02-16', '2023-02-15', 300.00, 50.00, 20.00, 450.00, 360.00),
(41, 41, 41, 1, '2023-02-10', 2, '2023-02-17', '2023-02-16', 300.00, 50.00, 10.00, 450.00, 405.00),
(42, 42, 42, 2, '2023-02-11', 3, '2023-02-18', '2023-02-17', 300.00, 50.00, 5.00, 425.00, 403.75),
(43, 43, 43, 3, '2023-02-12', 4, '2023-02-19', '2023-02-18', 300.00, 50.00, 15.00, 450.00, 382.50),
(44, 44, 44, 4, '2023-02-13', 5, '2023-02-20', '2023-02-19', 300.00, 50.00, 20.00, 450.00, 360.00),
(45, 45, 45, 5, '2023-02-14', 1, '2023-02-21', '2023-02-20', 300.00, 50.00, 10.00, 450.00, 405.00),
(46, 46, 46, 1, '2023-02-15', 2, '2023-02-22', '2023-02-21', 300.00, 50.00, 5.00, 425.00, 403.75),
(47, 47, 47, 2, '2023-02-16', 3, '2023-02-23', '2023-02-22', 300.00, 50.00, 15.00, 450.00, 382.50),
(48, 48, 48, 3, '2023-02-17', 4, '2023-02-24', '2023-02-23', 300.00, 50.00, 20.00, 450.00, 360.00),
(49, 49, 49, 4, '2023-02-18', 5, '2023-02-25', '2023-02-24', 300.00, 50.00, 10.00, 450.00, 405.00),
(50, 50, 50, 5, '2023-02-19', 1, '2023-02-26', '2023-02-25', 300.00, 50.00, 5.00, 425.00, 403.75),
(51, 51, 51, 1, '2023-02-20', 2, '2023-02-27', '2023-02-26', 300.00, 50.00, 15.00, 450.00, 382.50),
(52, 52, 52, 2, '2023-02-21', 3, '2023-02-28', '2023-02-27', 300.00, 50.00, 20.00, 450.00, 360.00),
(53, 53, 53, 3, '2023-02-23', 4, '2023-03-02', '2023-03-01', 300.00, 50.00, 5.00, 425.00, 403.75),
(54, 54, 54, 4, '2023-02-24', 5, '2023-03-03', '2023-03-02', 300.00, 50.00, 15.00, 450.00, 382.50),
(55, 55, 55, 5, '2023-02-25', 1, '2023-03-04', '2023-03-03', 300.00, 50.00, 20.00, 450.00, 360.00),
(56, 56, 56, 1, '2023-02-26', 2, '2023-03-05', '2023-03-04', 300.00, 50.00, 10.00, 450.00, 405.00),
(57, 57, 57, 2, '2023-02-27', 3, '2023-03-06', '2023-03-05', 300.00, 50.00, 5.00, 425.00, 403.75),
(58, 58, 58, 3, '2023-02-28', 4, '2023-03-07', '2023-03-06', 300.00, 50.00, 15.00, 450.00, 382.50),
(59, 59, 59, 4, '2023-03-01', 5, '2023-03-08', '2023-03-07', 300.00, 50.00, 20.00, 450.00, 360.00),
(60, 60, 60, 5, '2023-03-02', 1, '2023-03-09', '2023-03-08', 300.00, 50.00, 10.00, 450.00, 405.00),
(61, 61, 61, 1, '2023-03-03', 2, '2023-03-10', '2023-03-09', 300.00, 50.00, 5.00, 425.00, 403.75);

INSERT INTO alquileres (id_vehiculo, id_cliente, id_empleado, id_sucursal_salida, fecha_salida, id_sucursal_llegada, fecha_llegada, fecha_esperada_llegada, valor_alquiler_semana, valor_alquiler_dia, porcentaje_descuento, valor_cotizado, valor_pagado) VALUES
(62, 62, 62, 2, '2023-03-03', 3, '2023-03-10', '2023-03-09', 300.00, 50.00, 5.00, 425.00, 403.75),
(63, 63, 63, 3, '2023-03-04', 4, '2023-03-11', '2023-03-10', 300.00, 50.00, 15.00, 450.00, 382.50),
(64, 64, 64, 4, '2023-03-05', 5, '2023-03-12', '2023-03-11', 300.00, 50.00, 20.00, 450.00, 360.00),
(65, 65, 65, 5, '2023-03-06', 1, '2023-03-13', '2023-03-12', 300.00, 50.00, 10.00, 450.00, 405.00),
(66, 66, 66, 1, '2023-03-07', 2, '2023-03-14', '2023-03-13', 300.00, 50.00, 5.00, 425.00, 403.75),
(67, 67, 67, 2, '2023-03-08', 3, '2023-03-15', '2023-03-14', 300.00, 50.00, 15.00, 450.00, 382.50),
(68, 68, 68, 3, '2023-03-09', 4, '2023-03-16', '2023-03-15', 300.00, 50.00, 20.00, 450.00, 360.00),
(69, 69, 69, 4, '2023-03-10', 5, '2023-03-17', '2023-03-16', 300.00, 50.00, 10.00, 450.00, 405.00),
(70, 70, 70, 5, '2023-03-11', 1, '2023-03-18', '2023-03-17', 300.00, 50.00, 5.00, 425.00, 403.75),
(71, 71, 71, 1, '2023-03-12', 2, '2023-03-19', '2023-03-18', 300.00, 50.00, 15.00, 450.00, 382.50),
(72, 72, 72, 2, '2023-03-13', 3, '2023-03-20', '2023-03-19', 300.00, 50.00, 20.00, 450.00, 360.00),
(73, 73, 73, 3, '2023-03-14', 4, '2023-03-21', '2023-03-20', 300.00, 50.00, 10.00, 450.00, 405.00),
(74, 74, 74, 4, '2023-03-15', 5, '2023-03-22', '2023-03-21', 300.00, 50.00, 5.00, 425.00, 403.75),
(75, 75, 75, 5, '2023-03-16', 1, '2023-03-23', '2023-03-22', 300.00, 50.00, 15.00, 450.00, 382.50),
(76, 76, 76, 1, '2023-03-17', 2, '2023-03-24', '2023-03-23', 300.00, 50.00, 20.00, 450.00, 360.00),
(77, 77, 77, 2, '2023-03-18', 3, '2023-03-25', '2023-03-24', 300.00, 50.00, 10.00, 450.00, 405.00),
(78, 78, 78, 3, '2023-03-19', 4, '2023-03-26', '2023-03-25', 300.00, 50.00, 5.00, 425.00, 403.75),
(79, 79, 79, 4, '2023-03-20', 5, '2023-03-27', '2023-03-26', 300.00, 50.00, 15.00, 450.00, 382.50),
(80, 80, 80, 5, '2023-03-21', 1, '2023-03-28', '2023-03-27', 300.00, 50.00, 20.00, 450.00, 360.00),
(81, 81, 81, 1, '2023-03-22', 2, '2023-03-29', '2023-03-28', 300.00, 50.00, 10.00, 450.00, 405.00),
(82, 82, 82, 2, '2023-03-23', 3, '2023-03-30', '2023-03-29', 300.00, 50.00, 5.00, 425.00, 403.75),
(83, 83, 83, 3, '2023-03-24', 4, '2023-03-31', '2023-03-30', 300.00, 50.00, 15.00, 450.00, 382.50),
(84, 84, 84, 4, '2023-03-25', 5, '2023-04-01', '2023-03-31', 300.00, 50.00, 20.00, 450.00, 360.00),
(85, 85, 85, 5, '2023-03-26', 1, '2023-04-02', '2023-04-01', 300.00, 50.00, 10.00, 450.00, 405.00),
(86, 86, 86, 1, '2023-03-27', 2, '2023-04-03', '2023-04-02', 300.00, 50.00, 5.00, 425.00, 403.75),
(87, 87, 87, 2, '2023-03-28', 3, '2023-04-04', '2023-04-03', 300.00, 50.00, 15.00, 450.00, 382.50),
(88, 88, 88, 3, '2023-03-29', 4, '2023-04-05', '2023-04-04', 300.00, 50.00, 20.00, 450.00, 360.00),
(89, 89, 89, 4, '2023-03-30', 5, '2023-04-06', '2023-04-05', 300.00, 50.00, 10.00, 450.00, 405.00),
(90, 90, 90, 5, '2023-03-31', 1, '2023-04-07', '2023-04-06', 300.00, 50.00, 5.00, 425.00, 403.75),
(91, 91, 91, 1, '2023-04-01', 2, '2023-04-08', '2023-04-07', 300.00, 50.00, 15.00, 450.00, 382.50),
(92, 92, 92, 2, '2023-04-02', 3, '2023-04-09', '2023-04-08', 300.00, 50.00, 20.00, 450.00, 360.00),
(93, 93, 93, 3, '2023-04-03', 4, '2023-04-10', '2023-04-09', 300.00, 50.00, 10.00, 450.00, 405.00),
(94, 94, 94, 4, '2023-04-04', 5, '2023-04-11', '2023-04-10', 300.00, 50.00, 5.00, 425.00, 403.75),
(95, 95, 95, 5, '2023-04-05', 1, '2023-04-12', '2023-04-11', 300.00, 50.00, 15.00, 450.00, 382.50),
(96, 96, 96, 1, '2023-04-06', 2, '2023-04-13', '2023-04-12', 300.00, 50.00, 20.00, 450.00, 360.00),
(97, 97, 97, 2, '2023-04-07', 3, '2023-04-14', '2023-04-13', 300.00, 50.00, 10.00, 450.00, 405.00),
(98, 98, 98, 3, '2023-04-08', 4, '2023-04-15', '2023-04-14', 300.00, 50.00, 5.00, 425.00, 403.75),
(99, 99, 99, 4, '2023-04-09', 5, '2023-04-16', '2023-04-15', 300.00, 50.00, 15.00, 450.00, 382.50),
(100, 100, 100, 5, '2023-04-10', 1, '2023-04-17', '2023-04-16', 300.00, 50.00, 20.00, 450.00, 360.00);

select * from alquileres;

-- drop database trabajo_dia4;